Weights: ,0.30,0.34,0.35
Stats: ,48.15 ,333, ,1.32
Weights: ,0.32,0.27,0.41
Stats: ,48.11 ,332, ,1.11
Weights: ,0.28,0.29,0.43
Stats: ,45.85 ,337, ,1.27
Weights: ,0.39,0.39,0.21
Stats: ,43.68 ,384, ,1.62
Weights: ,0.43,0.31,0.25
Stats: ,41.16 ,335, ,1.29
Weights: ,0.30,0.25,0.45
Stats: ,44.01 ,332, ,1.23
Weights: ,0.30,0.35,0.35
Stats: ,43.25 ,332, ,1.38
Weights: ,0.39,0.36,0.25
Stats: ,41.44 ,357, ,1.59
Weights: ,0.32,0.26,0.41
Stats: ,44.39 ,333, ,1.12
Weights: ,0.27,0.34,0.39
Stats: ,42.59 ,344, ,1.43
Weights: ,0.31,0.25,0.44
Stats: ,46.67 ,333, ,1.21
Weights: ,0.43,0.26,0.31
Stats: ,43.92 ,334, ,1.08
Weights: ,0.43,0.19,0.38
Stats: ,46.86 ,337, ,1.11
Weights: ,0.39,0.26,0.36
Stats: ,44.55 ,333, ,1.02
Weights: ,0.27,0.42,0.31
Stats: ,44.15 ,377, ,1.75
Weights: ,0.36,0.41,0.24
Stats: ,43.29 ,363, ,1.66
Weights: ,0.40,0.37,0.23
Stats: ,42.57 ,346, ,1.51
Weights: ,0.40,0.31,0.29
Stats: ,43.72 ,335, ,1.25
Weights: ,0.30,0.28,0.42
Stats: ,44.18 ,332, ,1.13
Weights: ,0.32,0.39,0.30
Stats: ,40.55 ,334, ,1.59
Weights: ,0.36,0.25,0.38
Stats: ,44.42 ,333, ,1.03
Weights: ,0.23,0.41,0.36
Stats: ,45.97 ,387, ,1.62
Weights: ,0.30,0.43,0.27
Stats: ,46.23 ,333, ,1.72
Weights: ,0.34,0.34,0.32
Stats: ,43.97 ,332, ,1.31
Weights: ,0.34,0.41,0.24
Stats: ,43.91 ,336, ,1.65
Weights: ,0.00,0.00,1.00
Stats: ,15.80 ,937, ,2.76
Weights: ,0.24,0.43,0.33
Stats: ,44.19 ,387, ,1.72
Weights: ,0.33,0.43,0.25
Stats: ,45.64 ,335, ,1.69
Weights: ,0.29,0.37,0.34
Stats: ,44.05 ,345, ,1.55
Weights: ,0.44,0.35,0.21
Stats: ,43.85 ,379, ,1.36
Weights: ,0.25,0.32,0.44
Stats: ,51.96 ,389, ,1.26
Weights: ,0.37,0.30,0.33
Stats: ,44.44 ,334, ,1.26
Weights: ,0.36,0.45,0.19
Stats: ,40.94 ,400, ,1.88
Weights: ,0.32,0.34,0.34
Stats: ,43.01 ,334, ,1.37
Weights: ,0.00,1.00,0.00
Stats: ,15.81 ,992, ,4.13
Weights: ,0.31,0.34,0.35
Stats: ,43.42 ,334, ,1.41
Weights: ,0.31,0.35,0.34
Stats: ,44.49 ,332, ,1.46
Weights: ,0.39,0.29,0.32
Stats: ,42.70 ,333, ,1.23
Weights: ,0.42,0.26,0.32
Stats: ,42.76 ,335, ,1.07
Weights: ,0.40,0.27,0.33
Stats: ,45.28 ,333, ,1.09
Weights: ,0.31,0.24,0.45
Stats: ,44.81 ,335, ,1.21
Weights: ,0.28,0.40,0.31
Stats: ,44.54 ,353, ,1.68
Weights: ,0.24,0.41,0.35
Stats: ,46.38 ,392, ,1.64
Weights: ,0.27,0.48,0.25
Stats: ,45.34 ,339, ,1.96
Weights: ,0.38,0.42,0.20
Stats: ,45.04 ,381, ,1.69
Weights: ,0.17,0.37,0.45
Stats: ,42.86 ,452, ,1.52
Weights: ,0.00,1.00,0.00
Stats: ,15.81 ,992, ,4.13
Weights: ,0.35,0.31,0.34
Stats: ,45.08 ,333, ,1.33
Weights: ,0.37,0.30,0.33
Stats: ,43.39 ,335, ,1.27
Weights: ,1.00,0.00,0.00
Stats: ,15.71 ,887, ,2.49
Weights: ,0.26,0.40,0.34
Stats: ,45.11 ,380, ,1.69
Weights: ,0.28,0.28,0.44
Stats: ,45.36 ,360, ,1.24
Weights: ,0.34,0.43,0.24
Stats: ,41.42 ,334, ,1.73
Weights: ,0.20,0.38,0.42
Stats: ,37.89 ,437, ,1.50
Weights: ,0.35,0.30,0.34
Stats: ,44.99 ,335, ,1.23
Weights: ,0.40,0.30,0.30
Stats: ,44.35 ,333, ,1.38
Weights: ,0.35,0.27,0.38
Stats: ,41.15 ,332, ,1.13
Weights: ,0.37,0.35,0.28
Stats: ,40.52 ,333, ,1.42
Weights: ,1.00,0.00,0.00
Stats: ,15.71 ,887, ,2.49
Weights: ,0.30,0.33,0.37
Stats: ,42.78 ,333, ,1.41
Weights: ,0.42,0.24,0.33
Stats: ,48.82 ,333, ,1.03
Weights: ,0.37,0.29,0.35
Stats: ,43.50 ,333, ,1.16
Weights: ,1.00,0.00,0.00
Stats: ,15.71 ,887, ,2.49
Weights: ,0.39,0.29,0.32
Stats: ,43.49 ,334, ,1.17
Weights: ,0.36,0.41,0.23
Stats: ,42.76 ,339, ,1.72
Weights: ,0.34,0.34,0.32
Stats: ,44.51 ,334, ,1.39
Weights: ,0.22,0.42,0.36
Stats: ,45.59 ,423, ,1.80
Weights: ,0.24,0.44,0.32
Stats: ,42.45 ,398, ,1.86
Weights: ,0.39,0.34,0.27
Stats: ,47.46 ,333, ,1.45
Weights: ,0.31,0.26,0.43
Stats: ,41.24 ,333, ,1.24
Weights: ,0.49,0.24,0.27
Stats: ,44.89 ,335, ,1.26
Weights: ,0.33,0.29,0.38
Stats: ,44.72 ,334, ,1.18
Weights: ,0.29,0.36,0.35
Stats: ,43.52 ,354, ,1.53
Weights: ,0.00,1.00,0.00
Stats: ,15.81 ,992, ,4.13
Weights: ,0.33,0.34,0.33
Stats: ,43.75 ,332, ,1.44
Weights: ,0.30,0.35,0.35
Stats: ,44.46 ,333, ,1.45
Weights: ,0.30,0.44,0.26
Stats: ,44.28 ,333, ,1.86
Weights: ,0.00,1.00,0.00
Stats: ,15.81 ,992, ,4.13
Weights: ,0.31,0.35,0.35
Stats: ,44.80 ,335, ,1.38
Weights: ,0.34,0.35,0.31
Stats: ,43.31 ,332, ,1.45
Weights: ,0.31,0.39,0.29
Stats: ,43.38 ,333, ,1.67
Weights: ,0.36,0.31,0.33
Stats: ,46.34 ,333, ,1.21
Weights: ,0.37,0.23,0.41
Stats: ,45.31 ,332, ,1.10
Weights: ,0.27,0.29,0.44
Stats: ,43.27 ,349, ,1.26
Weights: ,0.43,0.24,0.34
Stats: ,45.12 ,332, ,1.04
Weights: ,0.50,0.29,0.21
Stats: ,42.87 ,387, ,1.25
Weights: ,0.36,0.32,0.31
Stats: ,43.57 ,336, ,1.32
Weights: ,0.27,0.28,0.45
Stats: ,42.89 ,349, ,1.26
Weights: ,0.38,0.39,0.23
Stats: ,43.83 ,372, ,1.62
Weights: ,0.28,0.39,0.34
Stats: ,48.04 ,373, ,1.74
Weights: ,0.35,0.34,0.31
Stats: ,44.53 ,332, ,1.39
Weights: ,0.00,0.00,1.00
Stats: ,15.80 ,937, ,2.76
Weights: ,0.44,0.27,0.29
Stats: ,43.83 ,333, ,1.13
Weights: ,0.30,0.37,0.33
Stats: ,44.34 ,333, ,1.51
Weights: ,0.28,0.45,0.27
Stats: ,46.40 ,333, ,1.87
Weights: ,0.32,0.33,0.35
Stats: ,42.04 ,335, ,1.36
Weights: ,0.32,0.38,0.30
Stats: ,46.08 ,333, ,1.59
Weights: ,0.31,0.28,0.40
Stats: ,46.18 ,333, ,1.17
Weights: ,0.19,0.32,0.49
Stats: ,45.95 ,456, ,1.39
Weights: ,0.47,0.27,0.26
Stats: ,42.10 ,333, ,1.19
Weights: ,0.34,0.47,0.19
Stats: ,41.86 ,407, ,1.91
Weights: ,0.31,0.46,0.24
Stats: ,39.08 ,361, ,1.91
Weights: ,0.24,0.42,0.33
Stats: ,43.39 ,365, ,1.67
Weights: ,0.21,0.46,0.33
Stats: ,43.78 ,413, ,1.92
Weights: ,0.27,0.35,0.38
Stats: ,45.56 ,340, ,1.43
Weights: ,0.00,1.00,0.00
Stats: ,15.81 ,992, ,4.13
Weights: ,0.36,0.38,0.26
Stats: ,42.27 ,334, ,1.46
Weights: ,0.25,0.40,0.35
Stats: ,43.75 ,389, ,1.67
Weights: ,0.33,0.22,0.45
Stats: ,42.66 ,341, ,1.26
Weights: ,0.32,0.33,0.35
Stats: ,47.55 ,334, ,1.39
Weights: ,0.28,0.36,0.36
Stats: ,44.72 ,354, ,1.36
Weights: ,0.27,0.34,0.39
Stats: ,45.01 ,350, ,1.49
Weights: ,0.31,0.33,0.36
Stats: ,48.34 ,334, ,1.43
Weights: ,0.30,0.35,0.34
Stats: ,43.16 ,333, ,1.36
Weights: ,0.43,0.21,0.37
Stats: ,42.55 ,332, ,1.07
Weights: ,0.27,0.45,0.28
Stats: ,42.93 ,358, ,1.85
Weights: ,0.24,0.41,0.35
Stats: ,43.77 ,376, ,1.60
Weights: ,0.29,0.40,0.31
Stats: ,41.58 ,333, ,1.69
Weights: ,0.27,0.41,0.32
Stats: ,45.99 ,338, ,1.65
Weights: ,0.33,0.27,0.41
Stats: ,45.88 ,336, ,1.16
Weights: ,0.50,0.22,0.29
Stats: ,41.60 ,332, ,1.22
Weights: ,0.34,0.30,0.37
Stats: ,46.82 ,332, ,1.29
Weights: ,0.26,0.49,0.26
Stats: ,45.06 ,390, ,2.00
Weights: ,0.32,0.30,0.38
Stats: ,46.82 ,332, ,1.32
Weights: ,0.47,0.24,0.30
Stats: ,44.61 ,333, ,1.15
Weights: ,0.37,0.24,0.39
Stats: ,41.63 ,333, ,1.13
Weights: ,0.35,0.26,0.39
Stats: ,45.19 ,333, ,1.13
Weights: ,0.37,0.25,0.38
Stats: ,45.22 ,333, ,1.11
Weights: ,0.31,0.35,0.34
Stats: ,46.86 ,333, ,1.51
Weights: ,0.35,0.41,0.24
Stats: ,43.96 ,332, ,1.61
Weights: ,0.40,0.32,0.28
Stats: ,42.33 ,334, ,1.30
Weights: ,0.28,0.27,0.45
Stats: ,42.17 ,344, ,1.24
Weights: ,0.00,0.00,1.00
Stats: ,15.80 ,937, ,2.76
Weights: ,0.33,0.33,0.34
Stats: ,44.10 ,335, ,1.37
Weights: ,0.35,0.39,0.25
Stats: ,44.85 ,333, ,1.55
Weights: ,0.36,0.27,0.37
Stats: ,43.98 ,332, ,1.23
Weights: ,0.31,0.40,0.29
Stats: ,43.79 ,332, ,1.60
Weights: ,0.35,0.29,0.36
Stats: ,45.05 ,333, ,1.20
Weights: ,0.28,0.29,0.43
Stats: ,41.75 ,371, ,1.26
Weights: ,0.37,0.41,0.22
Stats: ,47.28 ,352, ,1.61
Weights: ,0.39,0.30,0.31
Stats: ,40.87 ,334, ,1.21
Weights: ,0.40,0.35,0.24
Stats: ,41.97 ,341, ,1.51
Weights: ,0.35,0.37,0.28
Stats: ,44.13 ,332, ,1.57
Weights: ,0.34,0.35,0.31
Stats: ,43.95 ,332, ,1.42
Weights: ,0.31,0.44,0.24
Stats: ,43.97 ,333, ,1.75
Weights: ,0.36,0.21,0.43
Stats: ,42.07 ,332, ,1.13
Weights: ,0.36,0.36,0.28
Stats: ,44.27 ,334, ,1.39
Weights: ,0.36,0.25,0.39
Stats: ,44.12 ,334, ,1.10
Weights: ,0.43,0.20,0.37
Stats: ,45.12 ,339, ,1.08
Weights: ,0.23,0.47,0.30
Stats: ,44.05 ,403, ,1.96
Weights: ,0.43,0.34,0.23
Stats: ,45.39 ,346, ,1.40
Weights: ,0.39,0.21,0.40
Stats: ,41.77 ,333, ,1.05
Weights: ,0.33,0.33,0.34
Stats: ,41.46 ,332, ,1.40
Weights: ,0.30,0.38,0.32
Stats: ,41.11 ,332, ,1.59
Weights: ,0.29,0.33,0.38
Stats: ,45.83 ,334, ,1.31
Weights: ,0.42,0.32,0.26
Stats: ,46.50 ,334, ,1.23
Weights: ,0.33,0.27,0.40
Stats: ,40.26 ,334, ,1.14
Weights: ,0.40,0.36,0.23
Stats: ,42.36 ,335, ,1.49
Weights: ,0.25,0.28,0.46
Stats: ,44.23 ,368, ,1.25
Weights: ,0.25,0.37,0.38
Stats: ,45.29 ,374, ,1.49
Weights: ,0.31,0.30,0.39
Stats: ,48.78 ,332, ,1.14
Weights: ,0.29,0.37,0.33
Stats: ,47.86 ,333, ,1.47
Weights: ,0.31,0.34,0.35
Stats: ,41.61 ,333, ,1.41
Weights: ,0.33,0.30,0.37
Stats: ,41.60 ,335, ,1.10
Weights: ,0.30,0.40,0.30
Stats: ,45.21 ,333, ,1.68
Weights: ,0.38,0.39,0.23
Stats: ,42.73 ,339, ,1.55
Weights: ,0.31,0.32,0.37
Stats: ,38.75 ,333, ,1.27
Weights: ,0.25,0.38,0.37
Stats: ,47.20 ,372, ,1.53
Weights: ,0.33,0.35,0.32
Stats: ,45.78 ,333, ,1.52
Weights: ,0.25,0.41,0.35
Stats: ,43.47 ,405, ,1.69
Weights: ,0.24,0.34,0.42
Stats: ,45.90 ,381, ,1.41
Weights: ,0.41,0.32,0.28
Stats: ,41.67 ,333, ,1.31
Weights: ,0.24,0.30,0.46
Stats: ,43.26 ,382, ,1.27
Weights: ,0.33,0.38,0.29
Stats: ,41.69 ,334, ,1.53
Weights: ,0.36,0.31,0.33
Stats: ,43.88 ,334, ,1.31
Weights: ,0.26,0.32,0.42
Stats: ,44.39 ,363, ,1.32
Weights: ,0.29,0.41,0.30
Stats: ,44.76 ,340, ,1.68
Weights: ,0.00,0.00,1.00
Stats: ,15.80 ,937, ,2.76
Weights: ,0.35,0.20,0.46
Stats: ,47.05 ,338, ,1.28
Weights: ,1.00,0.00,0.00
Stats: ,15.71 ,887, ,2.49
Weights: ,0.32,0.36,0.32
Stats: ,44.41 ,332, ,1.51
Weights: ,0.30,0.23,0.46
Stats: ,44.06 ,332, ,1.26
Weights: ,0.39,0.32,0.28
Stats: ,45.61 ,334, ,1.31
Weights: ,0.42,0.34,0.25
Stats: ,43.42 ,346, ,1.38
Weights: ,0.26,0.47,0.27
Stats: ,44.25 ,346, ,1.94
Weights: ,0.28,0.37,0.35
Stats: ,42.84 ,334, ,1.49
Weights: ,0.49,0.23,0.27
Stats: ,44.34 ,335, ,1.21
Weights: ,0.37,0.29,0.33
Stats: ,42.36 ,334, ,1.23
Weights: ,0.26,0.35,0.39
Stats: ,47.32 ,370, ,1.54
Weights: ,0.37,0.31,0.32
Stats: ,44.46 ,337, ,1.31
Weights: ,0.33,0.23,0.44
Stats: ,38.42 ,332, ,1.24
Weights: ,0.27,0.31,0.42
Stats: ,45.00 ,353, ,1.28
Weights: ,0.22,0.30,0.49
Stats: ,45.36 ,400, ,1.33
Weights: ,0.24,0.45,0.31
Stats: ,36.67 ,386, ,1.87
Weights: ,0.31,0.30,0.39
Stats: ,42.58 ,334, ,1.26
Weights: ,0.36,0.36,0.28
Stats: ,45.98 ,335, ,1.37
Weights: ,0.32,0.48,0.20
Stats: ,41.49 ,391, ,1.95
Weights: ,0.46,0.28,0.27
Stats: ,44.36 ,334, ,1.19
Weights: ,0.37,0.32,0.31
Stats: ,45.19 ,335, ,1.38
Weights: ,0.44,0.39,0.18
Stats: ,42.71 ,418, ,1.60
Weights: ,0.39,0.33,0.29
Stats: ,44.12 ,332, ,1.23
